{"cameraMode":{"drawMode":0,"name":"Shaded","section":"Shading Mode"},"sceneLighting":true,"audioPlay":false,"sceneViewState":{"m_AlwaysRefresh":false,"showFog":true,"showSkybox":true,"showFlares":true,"showImageEffects":true,"showParticleSystems":true,"showVisualEffectGraphs":true,"m_FxEnabled":true},"in2DMode":false,"pivot":{"x":7.503695964813232,"y":5.597658157348633,"z":15.078557968139649},"rotation":{"x":0.15300357341766358,"y":0.5510393381118774,"z":-0.10389816761016846,"w":0.8138382434844971},"size":0.2272154837846756,"orthographic":false}