{"cameraMode":{"drawMode":0,"name":"Shaded","section":"Shading Mode"},"sceneLighting":true,"audioPlay":false,"sceneViewState":{"m_AlwaysRefresh":false,"showFog":true,"showSkybox":true,"showFlares":true,"showImageEffects":true,"showParticleSystems":true,"showVisualEffectGraphs":true,"m_FxEnabled":true},"in2DMode":false,"pivot":{"x":-10.380857467651368,"y":-3.8504834175109865,"z":27.855817794799806},"rotation":{"x":-0.11014626920223236,"y":0.023847436532378198,"z":-0.0026478064246475698,"w":-0.9936453700065613},"size":12.01647663116455,"orthographic":false}