{"cameraMode":{"drawMode":0,"name":"Shaded","section":"Shading Mode"},"sceneLighting":true,"audioPlay":false,"sceneViewState":{"m_AlwaysRefresh":false,"showFog":true,"showSkybox":true,"showFlares":true,"showImageEffects":true,"showParticleSystems":true,"showVisualEffectGraphs":true,"m_FxEnabled":true},"in2DMode":false,"pivot":{"x":43.637046813964847,"y":-3.5892651081085207,"z":25.767303466796876},"rotation":{"x":-0.13942809402942658,"y":-0.7023831009864807,"z":0.14378105103969575,"w":-0.6833525896072388},"size":36.365821838378909,"orthographic":false}