{"cameraMode":{"drawMode":0,"name":"Shaded","section":"Shading Mode"},"sceneLighting":false,"audioPlay":false,"sceneViewState":{"m_AlwaysRefresh":false,"showFog":true,"showSkybox":false,"showFlares":true,"showImageEffects":true,"showParticleSystems":true,"showVisualEffectGraphs":true,"m_FxEnabled":true},"in2DMode":false,"pivot":{"x":-0.002142965793609619,"y":0.5261597633361816,"z":0.09585577249526978},"rotation":{"x":0.001796621480025351,"y":0.6356703042984009,"z":-0.0015928243519738317,"w":0.7720527648925781},"size":0.40000006556510928,"orthographic":false}